ID,Name,Age,Salary
1,Alice,30,50000
2,Bob,25,45000
3,Charlie,35,60000
4,David,28,48000
5,Eve,32,52000
6,Frank,27,47000
7,Grace,29,49000
8,Hank,31,51000
9,Ivy,26,46000
10,Jack,34,58000
11,Kate,33,54000
12,Leo,24,43000
13,Mia,30,50000
14,Nate,29,49500
15,Olivia,27,47500
16,Paul,35,60500
17,Quinn,28,48500
18,Rachel,32,52500
19,Steve,31,51500
20,Tina,26,45500
21,Uma,34,57000
22,Victor,29,50000
23,Wendy,30,51000
24,Xander,25,44000
25,Yvonne,33,55000
26,Zach,27,46500
27,Adam,30,49500
28,Bella,28,48000
29,Chris,31,52000
30,Diana,29,50500
31,Elijah,34,57500
32,Fiona,32,53000
33,George,26,47000
34,Helen,27,46000
35,Ian,35,60000
36,Julia,30,50500
37,Kevin,28,49000
38,Lily,31,52500
39,Mark,29,50000
40,Nina,33,54000
41,Owen,27,47000
42,Penny,26,45000
43,Quincy,35,61000
44,Rita,30,52000
45,Sam,29,49500
46,Tara,31,51500
47,Uriel,28,48000
48,Victor,32,53500
49,Walter,34,57000
50,Xena,25,44500
51,Yuri,27,46000
52,Zoe,30,50500
53,Alex,29,49500
54,Brian,31,52500
55,Cindy,33,55000
56,Derek,26,47000
57,Emma,28,48500
58,Freddy,35,60500
59,Gina,30,50000
60,Harry,29,50000
61,Irene,27,47500
62,James,32,53000
63,Kelly,31,51500
64,Louis,34,57500
65,Monica,26,45500
66,Nathan,29,50000
67,Opal,30,52000
68,Patrick,27,46500
69,Queen,35,61000
70,Ron,28,48500
71,Susan,32,53500
72,Tom,31,52000
73,Ursula,33,54500
74,Vincent,26,46000
75,Will,30,50500
76,Xiomara,29,50000
77,Yasmine,27,47500
78,Zander,31,52500
79,Abby,34,58000
80,Brad,28,48000
81,Carl,29,49500
82,Denise,30,52000
83,Erik,27,47000
84,Felicia,35,60500
85,Greg,32,53000
86,Holly,31,51500
87,Isaac,26,45500
88,Jackie,34,57000
89,Kirk,29,50000
90,Lana,30,50500
91,Miles,28,49000
92,Nicole,33,54000
93,Oscar,27,47000
94,Pamela,26,45000
95,Quentin,35,61000
96,Rachel,30,52000
97,Simon,29,49500
98,Tessa,31,51500
99,Ulysses,28,48000
100,Victoria,32,53500
101,Wesley,34,57000
102,Xander,25,44000
103,Yvette,33,55000
104,Zane,27,46500
